{
    "tt1022603": [
        0.28484848484848485, 1.0, 0.9464072544212893, 0.0, 1.0, 1.0, 1.0, 0.0, 0.0, 0.0, 1.0, 1.0, 0.0, 1.0, 0.0, 1.0
    ],
    "tt0470752": [
        0.3, 1.0, 1.0, 0.039, 0.0, 1.0, 0.0, 1.0, 1.0, 0.0, 1.0, 0.0, 0.0, 0.0, 1.0, 0.0
    ],
    "tt0004972": [
        0.0, 0.0, 0.0, 0.3, 0.0, 1.0, 0.0, 0.0, 0.0, 1.0, 0.0, 0.0, 1.0, 0.0, 0.0, 1.0
    ]
}