{
    "tt1022603": 2.9961350688081003,
    "tt0470752": 2.6629909875927105,
    "tt0004972": 2.0223748416156684
}