{
    "1.0": 0.0,
    "1.1": 0.012048192771084347,
    "1.2": 0.02409638554216867,
    "1.3": 0.03614457831325302,
    "1.4": 0.04819277108433734,
    "1.5": 0.06024096385542168,
    "1.6": 0.07228915662650603,
    "1.7": 0.08433734939759036,
    "1.8": 0.09638554216867469,
    "1.9": 0.10843373493975901,
    "2.0": 0.12048192771084336,
    "2.1": 0.13253012048192772,
    "2.2": 0.14457831325301207,
    "2.3": 0.15662650602409636,
    "2.4": 0.1686746987951807,
    "2.5": 0.18072289156626503,
    "2.6": 0.19277108433734938,
    "2.7": 0.20481927710843373,
    "2.8": 0.21686746987951802,
    "2.9": 0.22891566265060237,
    "3.0": 0.24096385542168672,
    "3.1": 0.25301204819277107,
    "3.2": 0.26506024096385544,
    "3.3": 0.2771084337349397,
    "3.4": 0.2891566265060241,
    "3.5": 0.3012048192771084,
    "3.6": 0.3132530120481928,
    "3.7": 0.3253012048192771,
    "3.8": 0.3373493975903614,
    "3.9": 0.34939759036144574,
    "4.0": 0.36144578313253006,
    "4.1": 0.3734939759036144,
    "4.2": 0.38554216867469876,
    "4.3": 0.3975903614457831,
    "4.4": 0.40963855421686746,
    "4.5": 0.4216867469879518,
    "4.6": 0.43373493975903604,
    "4.7": 0.4457831325301205,
    "4.8": 0.45783132530120474,
    "4.9": 0.46987951807228917,
    "5.0": 0.48192771084337344,
    "5.1": 0.49397590361445776,
    "5.2": 0.5060240963855421,
    "5.3": 0.5180722891566264,
    "5.4": 0.5301204819277109,
    "5.5": 0.5421686746987951,
    "5.6": 0.5542168674698794,
    "5.7": 0.5662650602409638,
    "5.8": 0.5783132530120482,
    "5.9": 0.5903614457831325,
    "6.0": 0.6024096385542168,
    "6.1": 0.6144578313253011,
    "6.2": 0.6265060240963856,
    "6.3": 0.6385542168674698,
    "6.4": 0.6506024096385542,
    "6.5": 0.6626506024096385,
    "6.6": 0.6746987951807228,
    "6.7": 0.6867469879518072,
    "6.8": 0.6987951807228915,
    "6.9": 0.7108433734939759,
    "7.0": 0.7228915662650601,
    "7.1": 0.7349397590361445,
    "7.2": 0.7469879518072289,
    "7.3": 0.7590361445783131,
    "7.4": 0.7710843373493975,
    "7.5": 0.7831325301204819,
    "7.6": 0.7951807228915662,
    "7.7": 0.8072289156626505,
    "7.8": 0.8192771084337348,
    "7.9": 0.8313253012048193,
    "8.0": 0.8433734939759036,
    "8.1": 0.8554216867469878,
    "8.2": 0.8674698795180721,
    "8.3": 0.8795180722891567,
    "8.4": 0.891566265060241,
    "8.5": 0.9036144578313252,
    "8.6": 0.9156626506024095,
    "8.7": 0.9277108433734939,
    "8.8": 0.9397590361445783,
    "8.9": 0.9518072289156626,
    "9.0": 0.9638554216867469,
    "9.1": 0.9759036144578312,
    "9.2": 0.9879518072289155,
    "9.3": 1.0
}